<set>
<!--鹰击长空-->
 <hash_code value=""/>
 <enable_multiJoy value="1"/>
 <enable_fn value="5"/>
 <key>
   <joy_button_0 value=""/>
   <joy_button_0_act value="   "/>
   <joy_button_1 value="77"/>
   <joy_button_1_act value="   "/>
   <joy_button_2 value="67"/>
   <joy_button_2_act value="   "/>
   <joy_button_3 value="86"/>
   <joy_button_3_act value="   "/>
   <joy_button_4 value="18"/>
   <joy_button_4_act value="   "/>
   <joy_button_5 value="16"/>
   <joy_button_5_act value="   "/>
   <joy_button_6 value="17"/>
   <joy_button_6_act value="   "/>
   <joy_button_7 value="32"/>
   <joy_button_7_act value="   "/>
   <joy_button_8 value="27"/>
   <joy_button_8_act value="   "/>
   <joy_button_9 value="13"/>
   <joy_button_9_act value="   "/>
   <joy_button_10 value="112"/>
   <joy_button_10_act value="   "/>
   <joy_button_11 value="113"/>
   <joy_button_11_act value="   "/>
   <joy_axis_0_left value="65"/>
   <joy_axis_0_left_act value="   "/>
   <joy_axis_0_right value="68"/>
   <joy_axis_0_right_act value="   "/>
   <joy_axis_1_up value="87"/>
   <joy_axis_1_up_act value="   "/>
   <joy_axis_1_down value="83"/>
   <joy_axis_1_down_act value="   "/>
   <joy_axis_2_left value="38"/>
   <joy_axis_2_left_act value="   "/>
   <joy_axis_2_right value="40"/>
   <joy_axis_2_right_act value="   "/>
   <joy_axis_3_up value="37"/>
   <joy_axis_3_up_act value="   "/>
   <joy_axis_3_down value="39"/>
   <joy_axis_3_down_act value="   "/>
   <joy_axis_4_left value="81"/>
   <joy_axis_4_left_act value="   "/>
   <joy_axis_4_right value="69"/>
   <joy_axis_4_right_act value="   "/>
   <joy_axis_5_up value="120"/>
   <joy_axis_5_up_act value="   "/>
   <joy_axis_5_down value="119"/>
   <joy_axis_5_down_act value="   "/>
 </key>
 <mouse>
   <enable value="0"/>
   <move value="0"/>
   <mouse_sensitive value="2000"/>
   <left value="10"/>
   <right value="11"/>
 </mouse>
                                                                                                                  </set>
                                                                                                                  <to_s/>

