<set>
 <hash_code value=""/>
 <enable_multiJoy value="-1"/>
 <enable_fn value="-1"/>
 <key>
  <joy_button_0 value="87"/>
  <joy_button_0_act value="测试"/>
  <joy_button_1 value="68"/>
  <joy_button_2 value="88"/>
  <joy_button_3 value="65"/>
  <joy_button_4 value="27"/>
  <joy_button_5 value="90"/>
  <joy_button_6 value="69"/>
  <joy_button_7 value="81"/>
  <joy_button_8 value=""/>
  <joy_button_9 value="13"/>
  <joy_button_10 value=""/>
  <joy_button_11 value=""/>
  <joy_button_12 value=""/>
  <joy_axis_0_left value=""/>
  <joy_axis_0_right value=""/>
  <joy_axis_1_up value=""/>
  <joy_axis_1_down value=""/>
  <joy_axis_2_left value=""/>
  <joy_axis_2_right value=""/>
  <joy_axis_3_up value="67"/>
  <joy_axis_3_down value=""/>
  <joy_axis_4_left value="37"/>
  <joy_axis_4_right value="39"/>
  <joy_axis_5_up value="38"/>
  <joy_axis_5_down value="40"/>
 </key>
 <mouse>
  <enable value="1"/>
  <move value="0"/>
  <mouse_sensitive value="2000"/>
  <left value="10"/>
  <right value="11"/>
 </mouse>
</set>>
